,equity,ts
2024-01-01 00:00:00,100000.0,2024-01-01 00:00:00
2024-01-02 00:00:00,100000.0,2024-01-02 00:00:00
2024-01-03 00:00:00,100000.0,2024-01-03 00:00:00
2024-01-04 00:00:00,100000.0,2024-01-04 00:00:00
2024-01-05 00:00:00,100000.0,2024-01-05 00:00:00
2024-01-06 00:00:00,100000.0,2024-01-06 00:00:00
2024-01-07 00:00:00,100000.0,2024-01-07 00:00:00
2024-01-08 00:00:00,100000.0,2024-01-08 00:00:00
2024-01-09 00:00:00,100000.0,2024-01-09 00:00:00
2024-01-10 00:00:00,100000.0,2024-01-10 00:00:00
2024-01-11 00:00:00,100000.0,2024-01-11 00:00:00
2024-01-12 00:00:00,100000.0,2024-01-12 00:00:00
2024-01-13 00:00:00,100000.0,2024-01-13 00:00:00
2024-01-14 00:00:00,100000.0,2024-01-14 00:00:00
2024-01-15 00:00:00,100000.0,2024-01-15 00:00:00
2024-01-16 00:00:00,100000.0,2024-01-16 00:00:00
2024-01-17 00:00:00,100000.0,2024-01-17 00:00:00
2024-01-18 00:00:00,100000.0,2024-01-18 00:00:00
2024-01-19 00:00:00,100000.0,2024-01-19 00:00:00
2024-01-20 00:00:00,100000.0,2024-01-20 00:00:00
2024-01-21 00:00:00,100000.0,2024-01-21 00:00:00
2024-01-22 00:00:00,100000.0,2024-01-22 00:00:00
2024-01-23 00:00:00,100000.0,2024-01-23 00:00:00
2024-01-24 00:00:00,100000.0,2024-01-24 00:00:00
2024-01-25 00:00:00,100000.0,2024-01-25 00:00:00
2024-01-26 00:00:00,100000.0,2024-01-26 00:00:00
2024-01-27 00:00:00,100000.0,2024-01-27 00:00:00
2024-01-28 00:00:00,100000.0,2024-01-28 00:00:00
2024-01-29 00:00:00,100000.0,2024-01-29 00:00:00
2024-01-30 00:00:00,100000.0,2024-01-30 00:00:00
2024-01-31 00:00:00,100000.0,2024-01-31 00:00:00
2024-02-01 00:00:00,100000.0,2024-02-01 00:00:00
2024-02-02 00:00:00,100000.0,2024-02-02 00:00:00
2024-02-03 00:00:00,100000.0,2024-02-03 00:00:00
2024-02-04 00:00:00,100000.0,2024-02-04 00:00:00
2024-02-05 00:00:00,100000.0,2024-02-05 00:00:00
2024-02-06 00:00:00,100000.0,2024-02-06 00:00:00
2024-02-07 00:00:00,100000.0,2024-02-07 00:00:00
2024-02-08 00:00:00,100000.0,2024-02-08 00:00:00
2024-02-09 00:00:00,100000.0,2024-02-09 00:00:00
2024-02-10 00:00:00,99850.0,2024-02-10 00:00:00
2024-02-11 00:00:00,99804.22209081927,2024-02-11 00:00:00
2024-02-12 00:00:00,98598.68492577667,2024-02-12 00:00:00
2024-02-13 00:00:00,99723.14883321112,2024-02-13 00:00:00
2024-02-14 00:00:00,100454.95549901944,2024-02-14 00:00:00
2024-02-15 00:00:00,102170.61547108825,2024-02-15 00:00:00
2024-02-16 00:00:00,103829.18387136413,2024-02-16 00:00:00
2024-02-17 00:00:00,109176.79988003334,2024-02-17 00:00:00
2024-02-18 00:00:00,109886.55354502029,2024-02-18 00:00:00
2024-02-19 00:00:00,111315.55632974386,2024-02-19 00:00:00
2024-02-20 00:00:00,109132.80346331933,2024-02-20 00:00:00
2024-02-21 00:00:00,109552.03008983638,2024-02-21 00:00:00
2024-02-22 00:00:00,111554.28288544054,2024-02-22 00:00:00
2024-02-23 00:00:00,111708.8883162638,2024-02-23 00:00:00
2024-02-24 00:00:00,113189.80502213616,2024-02-24 00:00:00
2024-02-25 00:00:00,115223.28735976148,2024-02-25 00:00:00
2024-02-26 00:00:00,116683.15918166723,2024-02-26 00:00:00
2024-02-27 00:00:00,115953.85232414577,2024-02-27 00:00:00
2024-02-28 00:00:00,121050.90103045524,2024-02-28 00:00:00
2024-02-29 00:00:00,120986.87815790511,2024-02-29 00:00:00
2024-03-01 00:00:00,132203.9719146223,2024-03-01 00:00:00
2024-03-02 00:00:00,131373.75908594404,2024-03-02 00:00:00
2024-03-03 00:00:00,130383.95959235763,2024-03-03 00:00:00
2024-03-04 00:00:00,133646.6115977661,2024-03-04 00:00:00
2024-03-05 00:00:00,130419.27475996425,2024-03-05 00:00:00
2024-03-06 00:00:00,132266.65663253178,2024-03-06 00:00:00
2024-03-07 00:00:00,132078.25247554926,2024-03-07 00:00:00
2024-03-08 00:00:00,132597.6483434549,2024-03-08 00:00:00
2024-03-09 00:00:00,132050.78832334062,2024-03-09 00:00:00
2024-03-10 00:00:00,133101.43594501787,2024-03-10 00:00:00
2024-03-11 00:00:00,135816.39096740374,2024-03-11 00:00:00
2024-03-12 00:00:00,134061.79330108874,2024-03-12 00:00:00
2024-03-13 00:00:00,135142.73294302676,2024-03-13 00:00:00
2024-03-14 00:00:00,135514.94438205106,2024-03-14 00:00:00
2024-03-15 00:00:00,133643.5140647204,2024-03-15 00:00:00
2024-03-16 00:00:00,133241.25368187533,2024-03-16 00:00:00
2024-03-17 00:00:00,133004.26687394685,2024-03-17 00:00:00
2024-03-18 00:00:00,134873.57504974012,2024-03-18 00:00:00
2024-03-19 00:00:00,132115.65434831535,2024-03-19 00:00:00
2024-03-20 00:00:00,130938.74713212288,2024-03-20 00:00:00
2024-03-21 00:00:00,130497.80851053594,2024-03-21 00:00:00
2024-03-22 00:00:00,130915.6310920079,2024-03-22 00:00:00
2024-03-23 00:00:00,130744.18543791675,2024-03-23 00:00:00
2024-03-24 00:00:00,129595.99832401438,2024-03-24 00:00:00
2024-03-25 00:00:00,130494.35885070202,2024-03-25 00:00:00
2024-03-26 00:00:00,130312.40789038224,2024-03-26 00:00:00
2024-03-27 00:00:00,130836.94481155314,2024-03-27 00:00:00
2024-03-28 00:00:00,131545.42133161527,2024-03-28 00:00:00
2024-03-29 00:00:00,131873.24237613822,2024-03-29 00:00:00
2024-03-30 00:00:00,131736.74556402853,2024-03-30 00:00:00
2024-03-31 00:00:00,131243.98957234027,2024-03-31 00:00:00
2024-04-01 00:00:00,132465.34142887665,2024-04-01 00:00:00
2024-04-02 00:00:00,133649.29840044572,2024-04-02 00:00:00
2024-04-03 00:00:00,132767.8118036942,2024-04-03 00:00:00
2024-04-04 00:00:00,133408.09492058845,2024-04-04 00:00:00
2024-04-05 00:00:00,133991.82855379605,2024-04-05 00:00:00
2024-04-06 00:00:00,133337.02350342614,2024-04-06 00:00:00
2024-04-07 00:00:00,133074.2493750846,2024-04-07 00:00:00
2024-04-08 00:00:00,132411.67145286055,2024-04-08 00:00:00
2024-04-09 00:00:00,133932.9158616242,2024-04-09 00:00:00
2024-04-10 00:00:00,134251.0884953176,2024-04-10 00:00:00
2024-04-11 00:00:00,134531.2285814394,2024-04-11 00:00:00
2024-04-12 00:00:00,136307.364667639,2024-04-12 00:00:00
2024-04-13 00:00:00,138235.11812935644,2024-04-13 00:00:00
2024-04-14 00:00:00,137561.8629282837,2024-04-14 00:00:00
2024-04-15 00:00:00,137608.17552873338,2024-04-15 00:00:00
2024-04-16 00:00:00,138724.51085299987,2024-04-16 00:00:00
2024-04-17 00:00:00,137770.87865471197,2024-04-17 00:00:00
2024-04-18 00:00:00,137967.2229055762,2024-04-18 00:00:00
2024-04-19 00:00:00,137196.88264551363,2024-04-19 00:00:00
2024-04-20 00:00:00,135762.34089967757,2024-04-20 00:00:00
2024-04-21 00:00:00,135685.22671888018,2024-04-21 00:00:00
2024-04-22 00:00:00,136441.96651357727,2024-04-22 00:00:00
2024-04-23 00:00:00,137383.53934790427,2024-04-23 00:00:00
2024-04-24 00:00:00,138691.5723777756,2024-04-24 00:00:00
2024-04-25 00:00:00,138069.18381845733,2024-04-25 00:00:00
2024-04-26 00:00:00,139434.54478263616,2024-04-26 00:00:00
2024-04-27 00:00:00,138401.14885950493,2024-04-27 00:00:00
2024-04-28 00:00:00,137981.96972489607,2024-04-28 00:00:00
2024-04-29 00:00:00,138640.43013264652,2024-04-29 00:00:00
2024-04-30 00:00:00,138085.73572596483,2024-04-30 00:00:00
2024-05-01 00:00:00,136247.87516955243,2024-05-01 00:00:00
2024-05-02 00:00:00,135280.83671671196,2024-05-02 00:00:00
2024-05-03 00:00:00,137034.38854446358,2024-05-03 00:00:00
2024-05-04 00:00:00,137146.47175706568,2024-05-04 00:00:00
2024-05-05 00:00:00,137128.95688733965,2024-05-05 00:00:00
2024-05-06 00:00:00,137461.4169201728,2024-05-06 00:00:00
2024-05-07 00:00:00,137455.19129008168,2024-05-07 00:00:00
2024-05-08 00:00:00,136740.65757953687,2024-05-08 00:00:00
2024-05-09 00:00:00,136879.4685514459,2024-05-09 00:00:00
2024-05-10 00:00:00,137620.20192830314,2024-05-10 00:00:00
2024-05-11 00:00:00,138196.50299340955,2024-05-11 00:00:00
2024-05-12 00:00:00,137951.19793419252,2024-05-12 00:00:00
2024-05-13 00:00:00,138727.99756233423,2024-05-13 00:00:00
2024-05-14 00:00:00,139902.9924322365,2024-05-14 00:00:00
2024-05-15 00:00:00,138479.48943859636,2024-05-15 00:00:00
2024-05-16 00:00:00,138275.4295984364,2024-05-16 00:00:00
2024-05-17 00:00:00,137162.8563974833,2024-05-17 00:00:00
2024-05-18 00:00:00,136408.05220278748,2024-05-18 00:00:00
2024-05-19 00:00:00,137294.94496993112,2024-05-19 00:00:00
2024-05-20 00:00:00,136564.33794291204,2024-05-20 00:00:00
2024-05-21 00:00:00,137485.0815031678,2024-05-21 00:00:00
2024-05-22 00:00:00,139241.36472194584,2024-05-22 00:00:00
2024-05-23 00:00:00,140429.7297279685,2024-05-23 00:00:00
2024-05-24 00:00:00,139868.93680739577,2024-05-24 00:00:00
2024-05-25 00:00:00,138888.1012355866,2024-05-25 00:00:00
2024-05-26 00:00:00,139327.0677831062,2024-05-26 00:00:00
2024-05-27 00:00:00,138281.9292739999,2024-05-27 00:00:00
2024-05-28 00:00:00,138156.40708140054,2024-05-28 00:00:00
2024-05-29 00:00:00,137472.55525232406,2024-05-29 00:00:00
2024-05-30 00:00:00,136124.53819435902,2024-05-30 00:00:00
2024-05-31 00:00:00,136789.53383914754,2024-05-31 00:00:00
2024-06-01 00:00:00,136573.01306267246,2024-06-01 00:00:00
2024-06-02 00:00:00,135230.42470167368,2024-06-02 00:00:00
2024-06-03 00:00:00,134857.40936809735,2024-06-03 00:00:00
2024-06-04 00:00:00,135557.81903825802,2024-06-04 00:00:00
2024-06-05 00:00:00,135852.31678104622,2024-06-05 00:00:00
2024-06-06 00:00:00,135816.25673876028,2024-06-06 00:00:00
2024-06-07 00:00:00,134861.59921900328,2024-06-07 00:00:00
2024-06-08 00:00:00,132433.16479405275,2024-06-08 00:00:00
2024-06-09 00:00:00,132253.243070329,2024-06-09 00:00:00
2024-06-10 00:00:00,131444.0487999704,2024-06-10 00:00:00
2024-06-11 00:00:00,131607.01234857828,2024-06-11 00:00:00
2024-06-12 00:00:00,131670.4825531664,2024-06-12 00:00:00
2024-06-13 00:00:00,132321.2581140539,2024-06-13 00:00:00
2024-06-14 00:00:00,132930.0886696606,2024-06-14 00:00:00
2024-06-15 00:00:00,133375.88408014987,2024-06-15 00:00:00
2024-06-16 00:00:00,133534.63051101027,2024-06-16 00:00:00
2024-06-17 00:00:00,134042.09897961907,2024-06-17 00:00:00
2024-06-18 00:00:00,135124.0914390661,2024-06-18 00:00:00
2024-06-19 00:00:00,131750.337226406,2024-06-19 00:00:00
2024-06-20 00:00:00,130925.50453953662,2024-06-20 00:00:00
2024-06-21 00:00:00,131062.57935323064,2024-06-21 00:00:00
2024-06-22 00:00:00,131664.9525199307,2024-06-22 00:00:00
2024-06-23 00:00:00,130850.49170445076,2024-06-23 00:00:00
2024-06-24 00:00:00,130512.69967662584,2024-06-24 00:00:00
2024-06-25 00:00:00,130172.0551762973,2024-06-25 00:00:00
2024-06-26 00:00:00,130355.84817742072,2024-06-26 00:00:00
2024-06-27 00:00:00,129485.48469516679,2024-06-27 00:00:00
2024-06-28 00:00:00,128045.83657337903,2024-06-28 00:00:00
2024-06-29 00:00:00,127728.25340634501,2024-06-29 00:00:00
2024-06-30 00:00:00,129241.1972420809,2024-06-30 00:00:00
2024-07-01 00:00:00,130104.6340085705,2024-07-01 00:00:00
2024-07-02 00:00:00,129901.27085405188,2024-07-02 00:00:00
2024-07-03 00:00:00,129743.47061629468,2024-07-03 00:00:00
2024-07-04 00:00:00,128851.55899158731,2024-07-04 00:00:00
2024-07-05 00:00:00,128408.28174060408,2024-07-05 00:00:00
2024-07-06 00:00:00,129043.58261796163,2024-07-06 00:00:00
2024-07-07 00:00:00,129832.35375515769,2024-07-07 00:00:00
2024-07-08 00:00:00,129263.3311596965,2024-07-08 00:00:00
2024-07-09 00:00:00,129257.01209682506,2024-07-09 00:00:00
2024-07-10 00:00:00,128875.31518438926,2024-07-10 00:00:00
2024-07-11 00:00:00,129369.34546582552,2024-07-11 00:00:00
2024-07-12 00:00:00,128712.30551653808,2024-07-12 00:00:00
2024-07-13 00:00:00,128094.37636955225,2024-07-13 00:00:00
2024-07-14 00:00:00,128063.90087112969,2024-07-14 00:00:00
2024-07-15 00:00:00,127743.37871629182,2024-07-15 00:00:00
2024-07-16 00:00:00,127514.61726417503,2024-07-16 00:00:00
2024-07-17 00:00:00,127480.69520538476,2024-07-17 00:00:00
2024-07-18 00:00:00,127984.79821098591,2024-07-18 00:00:00
2024-07-19 00:00:00,126801.79514746666,2024-07-19 00:00:00
2024-07-20 00:00:00,126784.99516344379,2024-07-20 00:00:00
2024-07-21 00:00:00,126001.99593389979,2024-07-21 00:00:00
2024-07-22 00:00:00,125995.30301932285,2024-07-22 00:00:00
2024-07-23 00:00:00,125833.3454853507,2024-07-23 00:00:00
2024-07-24 00:00:00,127373.45987695648,2024-07-24 00:00:00
2024-07-25 00:00:00,128122.84082379875,2024-07-25 00:00:00
2024-07-26 00:00:00,127112.99311060447,2024-07-26 00:00:00
2024-07-27 00:00:00,126190.50647298724,2024-07-27 00:00:00
2024-07-28 00:00:00,126500.65239114148,2024-07-28 00:00:00
2024-07-29 00:00:00,126480.96161902518,2024-07-29 00:00:00
2024-07-30 00:00:00,126655.61841370212,2024-07-30 00:00:00
2024-07-31 00:00:00,128046.20713849044,2024-07-31 00:00:00
2024-08-01 00:00:00,129709.01724276892,2024-08-01 00:00:00
2024-08-02 00:00:00,131091.66454690357,2024-08-02 00:00:00
2024-08-03 00:00:00,131142.8984880231,2024-08-03 00:00:00
2024-08-04 00:00:00,129681.1592449689,2024-08-04 00:00:00
2024-08-05 00:00:00,131327.93502624764,2024-08-05 00:00:00
2024-08-06 00:00:00,132936.44968809327,2024-08-06 00:00:00
2024-08-07 00:00:00,134978.3717199669,2024-08-07 00:00:00
2024-08-08 00:00:00,133600.29650022046,2024-08-08 00:00:00
2024-08-09 00:00:00,134949.2603230143,2024-08-09 00:00:00
2024-08-10 00:00:00,133988.52722125436,2024-08-10 00:00:00
2024-08-11 00:00:00,134097.9183873542,2024-08-11 00:00:00
2024-08-12 00:00:00,131518.39502723195,2024-08-12 00:00:00
2024-08-13 00:00:00,130968.01215141942,2024-08-13 00:00:00
2024-08-14 00:00:00,130806.38290905852,2024-08-14 00:00:00
2024-08-15 00:00:00,130614.641322451,2024-08-15 00:00:00
2024-08-16 00:00:00,130280.55917493052,2024-08-16 00:00:00
2024-08-17 00:00:00,129496.3336484259,2024-08-17 00:00:00
2024-08-18 00:00:00,129819.8589009719,2024-08-18 00:00:00
2024-08-19 00:00:00,130630.68204757078,2024-08-19 00:00:00
2024-08-20 00:00:00,131161.6124989518,2024-08-20 00:00:00
2024-08-21 00:00:00,129126.25930911828,2024-08-21 00:00:00
2024-08-22 00:00:00,128797.98002299231,2024-08-22 00:00:00
2024-08-23 00:00:00,127670.97278598773,2024-08-23 00:00:00
2024-08-24 00:00:00,127244.1322525372,2024-08-24 00:00:00
2024-08-25 00:00:00,126763.53458356182,2024-08-25 00:00:00
2024-08-26 00:00:00,126606.57660709014,2024-08-26 00:00:00
2024-08-27 00:00:00,127387.4789349103,2024-08-27 00:00:00
2024-08-28 00:00:00,126853.89671918546,2024-08-28 00:00:00
2024-08-29 00:00:00,125633.0794489108,2024-08-29 00:00:00
2024-08-30 00:00:00,125817.11096179305,2024-08-30 00:00:00
2024-08-31 00:00:00,125395.01321004631,2024-08-31 00:00:00
2024-09-01 00:00:00,124837.59638824122,2024-09-01 00:00:00
2024-09-02 00:00:00,124105.11954644028,2024-09-02 00:00:00
2024-09-03 00:00:00,123722.6075529226,2024-09-03 00:00:00
2024-09-04 00:00:00,124730.72552890649,2024-09-04 00:00:00
2024-09-05 00:00:00,124730.44815648766,2024-09-05 00:00:00
2024-09-06 00:00:00,124967.42509313887,2024-09-06 00:00:00
2024-09-07 00:00:00,125101.86205637995,2024-09-07 00:00:00
2024-09-08 00:00:00,125693.97422063035,2024-09-08 00:00:00
2024-09-09 00:00:00,126469.5520397131,2024-09-09 00:00:00
2024-09-10 00:00:00,126529.63039929865,2024-09-10 00:00:00
2024-09-11 00:00:00,126759.36256293814,2024-09-11 00:00:00
2024-09-12 00:00:00,126880.57320719722,2024-09-12 00:00:00
2024-09-13 00:00:00,125330.4110319001,2024-09-13 00:00:00
2024-09-14 00:00:00,124984.14317005505,2024-09-14 00:00:00
2024-09-15 00:00:00,125985.29950721165,2024-09-15 00:00:00
2024-09-16 00:00:00,125849.62969310026,2024-09-16 00:00:00
2024-09-17 00:00:00,126761.84252196671,2024-09-17 00:00:00
2024-09-18 00:00:00,126980.66516599875,2024-09-18 00:00:00
2024-09-19 00:00:00,125720.32989332176,2024-09-19 00:00:00
2024-09-20 00:00:00,125695.84982600008,2024-09-20 00:00:00
2024-09-21 00:00:00,123963.59875189942,2024-09-21 00:00:00
2024-09-22 00:00:00,124989.7626758093,2024-09-22 00:00:00
2024-09-23 00:00:00,123885.90661327215,2024-09-23 00:00:00
2024-09-24 00:00:00,122501.90870283826,2024-09-24 00:00:00
2024-09-25 00:00:00,122644.67634091187,2024-09-25 00:00:00
2024-09-26 00:00:00,121348.66583785087,2024-09-26 00:00:00
2024-09-27 00:00:00,120475.29053601548,2024-09-27 00:00:00
2024-09-28 00:00:00,119625.1020326907,2024-09-28 00:00:00
2024-09-29 00:00:00,119501.44307980574,2024-09-29 00:00:00
2024-09-30 00:00:00,118999.71444163527,2024-09-30 00:00:00
2024-10-01 00:00:00,118867.80132815649,2024-10-01 00:00:00
2024-10-02 00:00:00,119627.59859575752,2024-10-02 00:00:00
2024-10-03 00:00:00,120626.70263549549,2024-10-03 00:00:00
2024-10-04 00:00:00,119794.28291982354,2024-10-04 00:00:00
2024-10-05 00:00:00,120328.99999069968,2024-10-05 00:00:00
2024-10-06 00:00:00,120061.78681831992,2024-10-06 00:00:00
2024-10-07 00:00:00,120854.32098521158,2024-10-07 00:00:00
2024-10-08 00:00:00,120565.39736793652,2024-10-08 00:00:00
2024-10-09 00:00:00,120853.78426760493,2024-10-09 00:00:00
2024-10-10 00:00:00,119305.23882342916,2024-10-10 00:00:00
2024-10-11 00:00:00,120020.23090469147,2024-10-11 00:00:00
2024-10-12 00:00:00,121527.70325148726,2024-10-12 00:00:00
2024-10-13 00:00:00,122103.4006821005,2024-10-13 00:00:00
2024-10-14 00:00:00,121312.36271420725,2024-10-14 00:00:00
2024-10-15 00:00:00,120829.25717261794,2024-10-15 00:00:00
2024-10-16 00:00:00,120756.79424054784,2024-10-16 00:00:00
2024-10-17 00:00:00,121056.12987105495,2024-10-17 00:00:00
2024-10-18 00:00:00,120757.5245484229,2024-10-18 00:00:00
2024-10-19 00:00:00,120180.58585319837,2024-10-19 00:00:00
2024-10-20 00:00:00,119288.20510344718,2024-10-20 00:00:00
2024-10-21 00:00:00,119103.77520150195,2024-10-21 00:00:00
2024-10-22 00:00:00,118405.0200152913,2024-10-22 00:00:00
2024-10-23 00:00:00,120156.39599964228,2024-10-23 00:00:00
2024-10-24 00:00:00,120174.06589199293,2024-10-24 00:00:00
2024-10-25 00:00:00,120842.19937073655,2024-10-25 00:00:00
2024-10-26 00:00:00,120664.87002084887,2024-10-26 00:00:00
2024-10-27 00:00:00,120426.69638864075,2024-10-27 00:00:00
2024-10-28 00:00:00,120984.98843760364,2024-10-28 00:00:00
2024-10-29 00:00:00,120492.24951881597,2024-10-29 00:00:00
2024-10-30 00:00:00,120019.74721555722,2024-10-30 00:00:00
2024-10-31 00:00:00,119975.70895955643,2024-10-31 00:00:00
2024-11-01 00:00:00,120502.45269509403,2024-11-01 00:00:00
2024-11-02 00:00:00,120498.54709970273,2024-11-02 00:00:00
2024-11-03 00:00:00,120988.98280855616,2024-11-03 00:00:00
2024-11-04 00:00:00,121744.0412469839,2024-11-04 00:00:00
2024-11-05 00:00:00,121575.63209669184,2024-11-05 00:00:00
2024-11-06 00:00:00,123135.08518702259,2024-11-06 00:00:00
2024-11-07 00:00:00,122725.46975646768,2024-11-07 00:00:00
2024-11-08 00:00:00,123040.90467625213,2024-11-08 00:00:00
2024-11-09 00:00:00,123153.41476787026,2024-11-09 00:00:00
2024-11-10 00:00:00,122937.0387109638,2024-11-10 00:00:00
2024-11-11 00:00:00,124521.35943836342,2024-11-11 00:00:00
2024-11-12 00:00:00,122991.99277660275,2024-11-12 00:00:00
2024-11-13 00:00:00,123963.37417686312,2024-11-13 00:00:00
2024-11-14 00:00:00,122729.94222423367,2024-11-14 00:00:00
2024-11-15 00:00:00,121427.0444435636,2024-11-15 00:00:00
2024-11-16 00:00:00,120340.41694236912,2024-11-16 00:00:00
2024-11-17 00:00:00,120514.37181764124,2024-11-17 00:00:00
2024-11-18 00:00:00,118513.5811239527,2024-11-18 00:00:00
2024-11-19 00:00:00,120334.2535830013,2024-11-19 00:00:00
2024-11-20 00:00:00,122216.42665151414,2024-11-20 00:00:00
2024-11-21 00:00:00,123064.00811957919,2024-11-21 00:00:00
2024-11-22 00:00:00,126201.27576727715,2024-11-22 00:00:00
2024-11-23 00:00:00,129096.10985193058,2024-11-23 00:00:00
2024-11-24 00:00:00,126314.77247084564,2024-11-24 00:00:00
2024-11-25 00:00:00,125582.4654549043,2024-11-25 00:00:00
2024-11-26 00:00:00,124835.07281924992,2024-11-26 00:00:00
2024-11-27 00:00:00,127357.27740129096,2024-11-27 00:00:00
2024-11-28 00:00:00,126501.03287748442,2024-11-28 00:00:00
2024-11-29 00:00:00,128664.19819242659,2024-11-29 00:00:00
2024-11-30 00:00:00,128298.80406317396,2024-11-30 00:00:00
2024-12-01 00:00:00,129959.151873471,2024-12-01 00:00:00
2024-12-02 00:00:00,130031.36348554127,2024-12-02 00:00:00
2024-12-03 00:00:00,128792.10646250415,2024-12-03 00:00:00
2024-12-04 00:00:00,128527.55930412262,2024-12-04 00:00:00
2024-12-05 00:00:00,126699.2575769223,2024-12-05 00:00:00
2024-12-06 00:00:00,128490.92059009404,2024-12-06 00:00:00
2024-12-07 00:00:00,129079.59640132425,2024-12-07 00:00:00
2024-12-08 00:00:00,127973.30217920936,2024-12-08 00:00:00
2024-12-09 00:00:00,126217.04797976508,2024-12-09 00:00:00
2024-12-10 00:00:00,126519.05605029341,2024-12-10 00:00:00
2024-12-11 00:00:00,126017.03614596622,2024-12-11 00:00:00
2024-12-12 00:00:00,126786.38637480985,2024-12-12 00:00:00
2024-12-13 00:00:00,126759.70167753166,2024-12-13 00:00:00
2024-12-14 00:00:00,126712.9362191613,2024-12-14 00:00:00
2024-12-15 00:00:00,126689.62369657548,2024-12-15 00:00:00
2024-12-16 00:00:00,126115.63751832073,2024-12-16 00:00:00
2024-12-17 00:00:00,127427.2778866027,2024-12-17 00:00:00
2024-12-18 00:00:00,127550.77973630471,2024-12-18 00:00:00
2024-12-19 00:00:00,127131.56136155715,2024-12-19 00:00:00
2024-12-20 00:00:00,129637.20712736122,2024-12-20 00:00:00
2024-12-21 00:00:00,129758.64901020497,2024-12-21 00:00:00
2024-12-22 00:00:00,129988.00375842059,2024-12-22 00:00:00
2024-12-23 00:00:00,131197.77091956724,2024-12-23 00:00:00
2024-12-24 00:00:00,133784.14068293502,2024-12-24 00:00:00
2024-12-25 00:00:00,132608.38788115748,2024-12-25 00:00:00
2024-12-26 00:00:00,132469.54454393062,2024-12-26 00:00:00
2024-12-27 00:00:00,129039.40064244579,2024-12-27 00:00:00
2024-12-28 00:00:00,127739.0757540958,2024-12-28 00:00:00
2024-12-29 00:00:00,126833.77230721473,2024-12-29 00:00:00
2024-12-30 00:00:00,126098.26876180101,2024-12-30 00:00:00
2024-12-31 00:00:00,126181.64303846256,2024-12-31 00:00:00
2025-01-01 00:00:00,126227.93892283394,2025-01-01 00:00:00
2025-01-02 00:00:00,128232.93995835852,2025-01-02 00:00:00
2025-01-03 00:00:00,127391.96850225738,2025-01-03 00:00:00
2025-01-04 00:00:00,126142.28462613355,2025-01-04 00:00:00
2025-01-05 00:00:00,125585.38312077406,2025-01-05 00:00:00
2025-01-06 00:00:00,126043.11191123164,2025-01-06 00:00:00
2025-01-07 00:00:00,124469.04016447002,2025-01-07 00:00:00
2025-01-08 00:00:00,123712.2896376243,2025-01-08 00:00:00
2025-01-09 00:00:00,122505.88971308891,2025-01-09 00:00:00
2025-01-10 00:00:00,123443.46226242879,2025-01-10 00:00:00
2025-01-11 00:00:00,123606.68732095977,2025-01-11 00:00:00
2025-01-12 00:00:00,122793.05309293355,2025-01-12 00:00:00
2025-01-13 00:00:00,122296.16503193672,2025-01-13 00:00:00
2025-01-14 00:00:00,124172.12760754915,2025-01-14 00:00:00
2025-01-15 00:00:00,127460.07710178195,2025-01-15 00:00:00
2025-01-16 00:00:00,128050.1451506439,2025-01-16 00:00:00
2025-01-17 00:00:00,126990.08023915238,2025-01-17 00:00:00
2025-01-18 00:00:00,124927.64208960174,2025-01-18 00:00:00
2025-01-19 00:00:00,123928.77039095083,2025-01-19 00:00:00
2025-01-20 00:00:00,125448.55508464626,2025-01-20 00:00:00
2025-01-21 00:00:00,124904.69846036985,2025-01-21 00:00:00
2025-01-22 00:00:00,125415.57690698304,2025-01-22 00:00:00
2025-01-23 00:00:00,125412.00731361832,2025-01-23 00:00:00
2025-01-24 00:00:00,125538.91562170096,2025-01-24 00:00:00
2025-01-25 00:00:00,125412.76551711271,2025-01-25 00:00:00
2025-01-26 00:00:00,124546.16010393118,2025-01-26 00:00:00
2025-01-27 00:00:00,124589.10091742834,2025-01-27 00:00:00
2025-01-28 00:00:00,125542.72348930304,2025-01-28 00:00:00
2025-01-29 00:00:00,125089.32020844094,2025-01-29 00:00:00
2025-01-30 00:00:00,125936.33998087281,2025-01-30 00:00:00
2025-01-31 00:00:00,125204.87331188365,2025-01-31 00:00:00
2025-02-01 00:00:00,125777.51544101643,2025-02-01 00:00:00
2025-02-02 00:00:00,126601.90811799317,2025-02-02 00:00:00
2025-02-03 00:00:00,127514.20191596574,2025-02-03 00:00:00
2025-02-04 00:00:00,127440.13848846729,2025-02-04 00:00:00
2025-02-05 00:00:00,127109.3872627045,2025-02-05 00:00:00
2025-02-06 00:00:00,127583.17502141513,2025-02-06 00:00:00
2025-02-07 00:00:00,127897.43674822697,2025-02-07 00:00:00
2025-02-08 00:00:00,126327.5203642188,2025-02-08 00:00:00
2025-02-09 00:00:00,126039.65011474448,2025-02-09 00:00:00
2025-02-10 00:00:00,126296.04599075265,2025-02-10 00:00:00
2025-02-11 00:00:00,127043.79634884476,2025-02-11 00:00:00
2025-02-12 00:00:00,127322.3292533226,2025-02-12 00:00:00
2025-02-13 00:00:00,127712.0996386466,2025-02-13 00:00:00
2025-02-14 00:00:00,126778.91247558245,2025-02-14 00:00:00
2025-02-15 00:00:00,127910.62550341919,2025-02-15 00:00:00
2025-02-16 00:00:00,127365.94540547518,2025-02-16 00:00:00
2025-02-17 00:00:00,126972.85296100502,2025-02-17 00:00:00
2025-02-18 00:00:00,127500.6968252083,2025-02-18 00:00:00
2025-02-19 00:00:00,127754.5511690416,2025-02-19 00:00:00
2025-02-20 00:00:00,125430.60078090125,2025-02-20 00:00:00
2025-02-21 00:00:00,126208.42086581263,2025-02-21 00:00:00
2025-02-22 00:00:00,125466.51935443733,2025-02-22 00:00:00
2025-02-23 00:00:00,125547.2716867998,2025-02-23 00:00:00
2025-02-24 00:00:00,125821.03008274929,2025-02-24 00:00:00
2025-02-25 00:00:00,124873.76160747188,2025-02-25 00:00:00
2025-02-26 00:00:00,123777.06611218932,2025-02-26 00:00:00
2025-02-27 00:00:00,123376.56093306324,2025-02-27 00:00:00
2025-02-28 00:00:00,123050.30826762544,2025-02-28 00:00:00
2025-03-01 00:00:00,122711.08900223409,2025-03-01 00:00:00
2025-03-02 00:00:00,118115.66596706644,2025-03-02 00:00:00
2025-03-03 00:00:00,118206.98714934228,2025-03-03 00:00:00
2025-03-04 00:00:00,120481.00071379729,2025-03-04 00:00:00
2025-03-05 00:00:00,118851.07649087063,2025-03-05 00:00:00
2025-03-06 00:00:00,117787.4508127292,2025-03-06 00:00:00
2025-03-07 00:00:00,119838.67442347402,2025-03-07 00:00:00
2025-03-08 00:00:00,119812.50284158271,2025-03-08 00:00:00
2025-03-09 00:00:00,120588.29396070856,2025-03-09 00:00:00
2025-03-10 00:00:00,120817.30518215164,2025-03-10 00:00:00
2025-03-11 00:00:00,120508.5335571752,2025-03-11 00:00:00
2025-03-12 00:00:00,118696.34232514225,2025-03-12 00:00:00
2025-03-13 00:00:00,116617.50288903016,2025-03-13 00:00:00
2025-03-14 00:00:00,117242.44020255234,2025-03-14 00:00:00
2025-03-15 00:00:00,118376.00897320204,2025-03-15 00:00:00
2025-03-16 00:00:00,120126.03710344576,2025-03-16 00:00:00
2025-03-17 00:00:00,122325.76428473054,2025-03-17 00:00:00
2025-03-18 00:00:00,122153.11367092252,2025-03-18 00:00:00
2025-03-19 00:00:00,122062.36963935959,2025-03-19 00:00:00
2025-03-20 00:00:00,121274.62672246194,2025-03-20 00:00:00
2025-03-21 00:00:00,121649.29231033896,2025-03-21 00:00:00
2025-03-22 00:00:00,120916.79572707183,2025-03-22 00:00:00
2025-03-23 00:00:00,121053.32988961894,2025-03-23 00:00:00
2025-03-24 00:00:00,121204.48135233142,2025-03-24 00:00:00
2025-03-25 00:00:00,122028.90379359093,2025-03-25 00:00:00
2025-03-26 00:00:00,123181.35322091919,2025-03-26 00:00:00
2025-03-27 00:00:00,122396.80199651446,2025-03-27 00:00:00
2025-03-28 00:00:00,120106.21247498401,2025-03-28 00:00:00
2025-03-29 00:00:00,119601.31206584266,2025-03-29 00:00:00
2025-03-30 00:00:00,121511.90763323383,2025-03-30 00:00:00
2025-03-31 00:00:00,122003.86742283094,2025-03-31 00:00:00
2025-04-01 00:00:00,123170.14033021776,2025-04-01 00:00:00
2025-04-02 00:00:00,123657.14326121529,2025-04-02 00:00:00
2025-04-03 00:00:00,126330.21040235792,2025-04-03 00:00:00
2025-04-04 00:00:00,128061.1452942489,2025-04-04 00:00:00
2025-04-05 00:00:00,127143.4629452115,2025-04-05 00:00:00
2025-04-06 00:00:00,125353.35792842662,2025-04-06 00:00:00
2025-04-07 00:00:00,125416.37065705635,2025-04-07 00:00:00
2025-04-08 00:00:00,123752.07175147242,2025-04-08 00:00:00
2025-04-09 00:00:00,126161.80388667107,2025-04-09 00:00:00
2025-04-10 00:00:00,128209.64311770923,2025-04-10 00:00:00
2025-04-11 00:00:00,129200.85806920989,2025-04-11 00:00:00
2025-04-12 00:00:00,123615.85951621967,2025-04-12 00:00:00
2025-04-13 00:00:00,122077.88197531762,2025-04-13 00:00:00
2025-04-14 00:00:00,122516.44269565973,2025-04-14 00:00:00
2025-04-15 00:00:00,122985.92481982765,2025-04-15 00:00:00
2025-04-16 00:00:00,122574.67860778255,2025-04-16 00:00:00
2025-04-17 00:00:00,122061.98853874081,2025-04-17 00:00:00
2025-04-18 00:00:00,120376.55015844647,2025-04-18 00:00:00
2025-04-19 00:00:00,116614.73183256037,2025-04-19 00:00:00
2025-04-20 00:00:00,114325.54362399316,2025-04-20 00:00:00
2025-04-21 00:00:00,114250.4529013356,2025-04-21 00:00:00
2025-04-22 00:00:00,115630.25914564003,2025-04-22 00:00:00
2025-04-23 00:00:00,114473.20033220592,2025-04-23 00:00:00
2025-04-24 00:00:00,109297.67803913774,2025-04-24 00:00:00
2025-04-25 00:00:00,107619.50766357037,2025-04-25 00:00:00
2025-04-26 00:00:00,106555.773267334,2025-04-26 00:00:00
2025-04-27 00:00:00,107340.93748996589,2025-04-27 00:00:00
2025-04-28 00:00:00,106617.87835709722,2025-04-28 00:00:00
2025-04-29 00:00:00,106751.95649135734,2025-04-29 00:00:00
2025-04-30 00:00:00,132126.21283657776,2025-04-30 00:00:00
2025-05-01 00:00:00,131766.94470771303,2025-05-01 00:00:00
2025-05-02 00:00:00,133329.95572059692,2025-05-02 00:00:00
2025-05-03 00:00:00,133067.98819543378,2025-05-03 00:00:00
2025-05-04 00:00:00,133774.1996639503,2025-05-04 00:00:00
2025-05-05 00:00:00,134612.87030541094,2025-05-05 00:00:00
2025-05-06 00:00:00,134293.25700270283,2025-05-06 00:00:00
2025-05-07 00:00:00,135199.5903780544,2025-05-07 00:00:00
2025-05-08 00:00:00,133610.0946448981,2025-05-08 00:00:00
2025-05-09 00:00:00,132183.61217249243,2025-05-09 00:00:00
2025-05-10 00:00:00,128937.24947235412,2025-05-10 00:00:00
2025-05-11 00:00:00,129731.38896102078,2025-05-11 00:00:00
2025-05-12 00:00:00,130409.5072680646,2025-05-12 00:00:00
2025-05-13 00:00:00,128503.74402841332,2025-05-13 00:00:00
2025-05-14 00:00:00,128889.78810007522,2025-05-14 00:00:00
2025-05-15 00:00:00,129563.06192191888,2025-05-15 00:00:00
2025-05-16 00:00:00,129031.36769704153,2025-05-16 00:00:00
2025-05-17 00:00:00,129559.29624133173,2025-05-17 00:00:00
2025-05-18 00:00:00,129243.12035945394,2025-05-18 00:00:00
2025-05-19 00:00:00,130030.850727886,2025-05-19 00:00:00
2025-05-20 00:00:00,130049.8729750912,2025-05-20 00:00:00
2025-05-21 00:00:00,129975.64416376463,2025-05-21 00:00:00
2025-05-22 00:00:00,129285.45995699658,2025-05-22 00:00:00
2025-05-23 00:00:00,130493.67138490673,2025-05-23 00:00:00
2025-05-24 00:00:00,129836.32256002609,2025-05-24 00:00:00
2025-05-25 00:00:00,130457.81366445708,2025-05-25 00:00:00
2025-05-26 00:00:00,130265.36033151654,2025-05-26 00:00:00
2025-05-27 00:00:00,129682.9207870839,2025-05-27 00:00:00
2025-05-28 00:00:00,129340.96341489094,2025-05-28 00:00:00
2025-05-29 00:00:00,130082.04224265496,2025-05-29 00:00:00
2025-05-30 00:00:00,131885.99566103346,2025-05-30 00:00:00
2025-05-31 00:00:00,131862.03106654884,2025-05-31 00:00:00
2025-06-01 00:00:00,131425.59140720277,2025-06-01 00:00:00
2025-06-02 00:00:00,131481.5393383073,2025-06-02 00:00:00
2025-06-03 00:00:00,131685.28798386428,2025-06-03 00:00:00
2025-06-04 00:00:00,131646.08211638842,2025-06-04 00:00:00
2025-06-05 00:00:00,132084.45397758842,2025-06-05 00:00:00
2025-06-06 00:00:00,131403.58076499673,2025-06-06 00:00:00
2025-06-07 00:00:00,131533.9816177448,2025-06-07 00:00:00
2025-06-08 00:00:00,131265.42810264425,2025-06-08 00:00:00
2025-06-09 00:00:00,132028.3751458077,2025-06-09 00:00:00
2025-06-10 00:00:00,133523.3809740307,2025-06-10 00:00:00
2025-06-11 00:00:00,134079.52170662893,2025-06-11 00:00:00
2025-06-12 00:00:00,135240.41479266502,2025-06-12 00:00:00
2025-06-13 00:00:00,136373.16749176438,2025-06-13 00:00:00
2025-06-14 00:00:00,135429.86466716186,2025-06-14 00:00:00
2025-06-15 00:00:00,135242.21903440513,2025-06-15 00:00:00
2025-06-16 00:00:00,135288.52792653744,2025-06-16 00:00:00
2025-06-17 00:00:00,136294.4320918633,2025-06-17 00:00:00
2025-06-18 00:00:00,135832.40509886332,2025-06-18 00:00:00
2025-06-19 00:00:00,135789.4019663322,2025-06-19 00:00:00
2025-06-20 00:00:00,134679.84308431137,2025-06-20 00:00:00
2025-06-21 00:00:00,134269.7319539304,2025-06-21 00:00:00
2025-06-22 00:00:00,134800.9343161936,2025-06-22 00:00:00
2025-06-23 00:00:00,133029.01604945312,2025-06-23 00:00:00
2025-06-24 00:00:00,131918.21600578155,2025-06-24 00:00:00
2025-06-25 00:00:00,132625.02526930693,2025-06-25 00:00:00
2025-06-26 00:00:00,133680.48929677025,2025-06-26 00:00:00
2025-06-27 00:00:00,133064.56506697935,2025-06-27 00:00:00
2025-06-28 00:00:00,132682.14249863784,2025-06-28 00:00:00
2025-06-29 00:00:00,132288.7398282424,2025-06-29 00:00:00
2025-06-30 00:00:00,132783.55352761172,2025-06-30 00:00:00
2025-07-01 00:00:00,132982.47265514184,2025-07-01 00:00:00
2025-07-02 00:00:00,133474.04199389982,2025-07-02 00:00:00
2025-07-03 00:00:00,133586.49366973553,2025-07-03 00:00:00
2025-07-04 00:00:00,133215.37590204747,2025-07-04 00:00:00
2025-07-05 00:00:00,133066.90623490303,2025-07-05 00:00:00
2025-07-06 00:00:00,133123.64725679316,2025-07-06 00:00:00
2025-07-07 00:00:00,132827.32178274216,2025-07-07 00:00:00
2025-07-08 00:00:00,132864.70669759967,2025-07-08 00:00:00
2025-07-09 00:00:00,131082.1857486452,2025-07-09 00:00:00
2025-07-10 00:00:00,129382.32259268747,2025-07-10 00:00:00
2025-07-11 00:00:00,127277.67713779838,2025-07-11 00:00:00
2025-07-12 00:00:00,126910.97394067216,2025-07-12 00:00:00
2025-07-13 00:00:00,125032.40367819172,2025-07-13 00:00:00
2025-07-14 00:00:00,124068.80542021284,2025-07-14 00:00:00
2025-07-15 00:00:00,124551.86760740425,2025-07-15 00:00:00
2025-07-16 00:00:00,124009.89159295696,2025-07-16 00:00:00
2025-07-17 00:00:00,123576.38222600355,2025-07-17 00:00:00
2025-07-18 00:00:00,130297.36968405975,2025-07-18 00:00:00
2025-07-19 00:00:00,127900.39771266359,2025-07-19 00:00:00
2025-07-20 00:00:00,127013.01667127611,2025-07-20 00:00:00
2025-07-21 00:00:00,127113.53338908382,2025-07-21 00:00:00
2025-07-22 00:00:00,126900.05882866809,2025-07-22 00:00:00
2025-07-23 00:00:00,128489.89930905862,2025-07-23 00:00:00
2025-07-24 00:00:00,129509.59773203153,2025-07-24 00:00:00
2025-07-25 00:00:00,128876.87231221226,2025-07-25 00:00:00
2025-07-26 00:00:00,128694.1692217055,2025-07-26 00:00:00
2025-07-27 00:00:00,128504.75155243499,2025-07-27 00:00:00
2025-07-28 00:00:00,129485.65099435845,2025-07-28 00:00:00
2025-07-29 00:00:00,129322.5205596944,2025-07-29 00:00:00
2025-07-30 00:00:00,129812.6253436593,2025-07-30 00:00:00
2025-07-31 00:00:00,130110.67440669719,2025-07-31 00:00:00
2025-08-01 00:00:00,129904.05488406999,2025-08-01 00:00:00
2025-08-02 00:00:00,129703.47671206486,2025-08-02 00:00:00
2025-08-03 00:00:00,129792.14431225207,2025-08-03 00:00:00
2025-08-04 00:00:00,130177.37570532564,2025-08-04 00:00:00
2025-08-05 00:00:00,130632.97494144976,2025-08-05 00:00:00
2025-08-06 00:00:00,130880.73920370624,2025-08-06 00:00:00
2025-08-07 00:00:00,131456.8275659623,2025-08-07 00:00:00
2025-08-08 00:00:00,130849.27203905472,2025-08-08 00:00:00
2025-08-09 00:00:00,129417.94502210371,2025-08-09 00:00:00
2025-08-10 00:00:00,129789.49018143944,2025-08-10 00:00:00
2025-08-11 00:00:00,130740.26032887027,2025-08-11 00:00:00
2025-08-12 00:00:00,130264.69508864642,2025-08-12 00:00:00
2025-08-13 00:00:00,129719.44875594175,2025-08-13 00:00:00
2025-08-14 00:00:00,130267.26783648577,2025-08-14 00:00:00
2025-08-15 00:00:00,130744.37296349724,2025-08-15 00:00:00
2025-08-16 00:00:00,129579.54428153348,2025-08-16 00:00:00
2025-08-17 00:00:00,129611.40788742415,2025-08-17 00:00:00
2025-08-18 00:00:00,130369.82259113483,2025-08-18 00:00:00
2025-08-19 00:00:00,130588.16186322553,2025-08-19 00:00:00
2025-08-20 00:00:00,130057.21110842492,2025-08-20 00:00:00
2025-08-21 00:00:00,129792.35705143784,2025-08-21 00:00:00
2025-08-22 00:00:00,128431.59434612101,2025-08-22 00:00:00
2025-08-23 00:00:00,126413.23082708538,2025-08-23 00:00:00
2025-08-24 00:00:00,126012.07279577207,2025-08-24 00:00:00
2025-08-25 00:00:00,125998.61598935156,2025-08-25 00:00:00
2025-08-26 00:00:00,124682.39534656995,2025-08-26 00:00:00
2025-08-27 00:00:00,124103.22056470196,2025-08-27 00:00:00
2025-08-28 00:00:00,126506.59378292444,2025-08-28 00:00:00
2025-08-29 00:00:00,124520.22985812277,2025-08-29 00:00:00
2025-08-30 00:00:00,124550.95546716682,2025-08-30 00:00:00
2025-08-31 00:00:00,124892.30604777204,2025-08-31 00:00:00
2025-09-01 00:00:00,124195.24297759755,2025-09-01 00:00:00
2025-09-02 00:00:00,124292.72780011255,2025-09-02 00:00:00
2025-09-03 00:00:00,123876.28356400397,2025-09-03 00:00:00
2025-09-04 00:00:00,124006.31106929558,2025-09-04 00:00:00
2025-09-05 00:00:00,123964.84983249723,2025-09-05 00:00:00
2025-09-06 00:00:00,127686.05355464117,2025-09-06 00:00:00
2025-09-07 00:00:00,129022.76948746183,2025-09-07 00:00:00
2025-09-08 00:00:00,125857.95357191669,2025-09-08 00:00:00
2025-09-09 00:00:00,125307.76566135469,2025-09-09 00:00:00
2025-09-10 00:00:00,119717.59374460054,2025-09-10 00:00:00
2025-09-11 00:00:00,121190.82669137327,2025-09-11 00:00:00
2025-09-12 00:00:00,115254.83223787826,2025-09-12 00:00:00
2025-09-13 00:00:00,116487.42412015314,2025-09-13 00:00:00
2025-09-14 00:00:00,116291.78990213272,2025-09-14 00:00:00
2025-09-15 00:00:00,116729.12988618971,2025-09-15 00:00:00
2025-09-16 00:00:00,116118.4617431255,2025-09-16 00:00:00
2025-09-17 00:00:00,116948.93700190239,2025-09-17 00:00:00
2025-09-18 00:00:00,117056.96709102693,2025-09-18 00:00:00
2025-09-19 00:00:00,116860.97294672979,2025-09-19 00:00:00
2025-09-20 00:00:00,117112.83151528402,2025-09-20 00:00:00
2025-09-21 00:00:00,117333.67190774238,2025-09-21 00:00:00
2025-09-22 00:00:00,121251.32381415859,2025-09-22 00:00:00
2025-09-23 00:00:00,122796.10389476611,2025-09-23 00:00:00
2025-09-24 00:00:00,123296.15559831486,2025-09-24 00:00:00
2025-09-25 00:00:00,123202.44836008472,2025-09-25 00:00:00
2025-09-26 00:00:00,125393.28817418274,2025-09-26 00:00:00
2025-09-27 00:00:00,125337.00541913672,2025-09-27 00:00:00
2025-09-28 00:00:00,126160.85863438071,2025-09-28 00:00:00
2025-09-29 00:00:00,127881.39304906451,2025-09-29 00:00:00
2025-09-30 00:00:00,127763.7785331462,2025-09-30 00:00:00
2025-10-01 00:00:00,131924.64671041293,2025-10-01 00:00:00
2025-10-02 00:00:00,132918.125612679,2025-10-02 00:00:00
2025-10-03 00:00:00,133347.70743071358,2025-10-03 00:00:00
2025-10-04 00:00:00,135518.35576739363,2025-10-04 00:00:00
2025-10-05 00:00:00,136257.316448032,2025-10-05 00:00:00
2025-10-06 00:00:00,134986.9033982222,2025-10-06 00:00:00
2025-10-07 00:00:00,133936.26659178204,2025-10-07 00:00:00
2025-10-08 00:00:00,139473.00618996468,2025-10-08 00:00:00
2025-10-09 00:00:00,142293.11049680578,2025-10-09 00:00:00
2025-10-10 00:00:00,150723.56794693682,2025-10-10 00:00:00
2025-10-11 00:00:00,153822.20535827053,2025-10-11 00:00:00
2025-10-12 00:00:00,155846.7008501264,2025-10-12 00:00:00
2025-10-13 00:00:00,152034.68790366477,2025-10-13 00:00:00
2025-10-14 00:00:00,151038.36533701333,2025-10-14 00:00:00
2025-10-15 00:00:00,151913.13497549843,2025-10-15 00:00:00
2025-10-16 00:00:00,150997.92338247292,2025-10-16 00:00:00
2025-10-17 00:00:00,152378.1946185238,2025-10-17 00:00:00
2025-10-18 00:00:00,151860.80158538252,2025-10-18 00:00:00
2025-10-19 00:00:00,151540.82538888988,2025-10-19 00:00:00
2025-10-20 00:00:00,152921.11086605032,2025-10-20 00:00:00
2025-10-21 00:00:00,152187.42668201143,2025-10-21 00:00:00
2025-10-22 00:00:00,151324.92337495126,2025-10-22 00:00:00
2025-10-23 00:00:00,150738.35517065716,2025-10-23 00:00:00
2025-10-24 00:00:00,150303.29826523497,2025-10-24 00:00:00
2025-10-25 00:00:00,150988.9436131999,2025-10-25 00:00:00
2025-10-26 00:00:00,153576.78615083493,2025-10-26 00:00:00
2025-10-27 00:00:00,154391.46827738214,2025-10-27 00:00:00
2025-10-28 00:00:00,153458.98955925336,2025-10-28 00:00:00
2025-10-29 00:00:00,154114.25423299547,2025-10-29 00:00:00
2025-10-30 00:00:00,154820.94111462907,2025-10-30 00:00:00
2025-10-31 00:00:00,160602.80274306607,2025-10-31 00:00:00
2025-11-01 00:00:00,166798.7797946075,2025-11-01 00:00:00
2025-11-02 00:00:00,166969.74718898366,2025-11-02 00:00:00
2025-11-03 00:00:00,177728.27844549192,2025-11-03 00:00:00
2025-11-04 00:00:00,176364.74811572017,2025-11-04 00:00:00
2025-11-05 00:00:00,170508.58778283896,2025-11-05 00:00:00
2025-11-06 00:00:00,171456.23009109864,2025-11-06 00:00:00
2025-11-07 00:00:00,162092.63348909724,2025-11-07 00:00:00
2025-11-08 00:00:00,156389.79519509434,2025-11-08 00:00:00
2025-11-09 00:00:00,158452.37747901893,2025-11-09 00:00:00
2025-11-10 00:00:00,151499.64461605152,2025-11-10 00:00:00
2025-11-11 00:00:00,151757.99678390948,2025-11-11 00:00:00
2025-11-12 00:00:00,153864.3302668413,2025-11-12 00:00:00
2025-11-13 00:00:00,153179.55037341482,2025-11-13 00:00:00
2025-11-14 00:00:00,158444.72641190505,2025-11-14 00:00:00
2025-11-15 00:00:00,162370.23221654393,2025-11-15 00:00:00
2025-11-16 00:00:00,161004.646442964,2025-11-16 00:00:00
2025-11-17 00:00:00,163487.20151889164,2025-11-17 00:00:00
2025-11-18 00:00:00,161984.4510316178,2025-11-18 00:00:00
2025-11-19 00:00:00,161518.51224224272,2025-11-19 00:00:00
2025-11-20 00:00:00,160434.61186074468,2025-11-20 00:00:00
2025-11-21 00:00:00,157940.6278681529,2025-11-21 00:00:00
2025-11-22 00:00:00,157353.51993677524,2025-11-22 00:00:00
2025-11-23 00:00:00,157352.33602924956,2025-11-23 00:00:00
2025-11-24 00:00:00,153338.73237421448,2025-11-24 00:00:00
2025-11-25 00:00:00,153494.6063701937,2025-11-25 00:00:00
2025-11-26 00:00:00,154414.6666560331,2025-11-26 00:00:00
2025-11-27 00:00:00,152321.2794582647,2025-11-27 00:00:00
2025-11-28 00:00:00,151681.7588337472,2025-11-28 00:00:00
2025-11-29 00:00:00,151222.43703538686,2025-11-29 00:00:00
2025-11-30 00:00:00,150996.08688366206,2025-11-30 00:00:00
2025-12-01 00:00:00,149306.9914215034,2025-12-01 00:00:00
2025-12-02 00:00:00,145848.43282506178,2025-12-02 00:00:00
2025-12-03 00:00:00,146745.86100220296,2025-12-03 00:00:00
2025-12-04 00:00:00,147412.9406856094,2025-12-04 00:00:00
2025-12-05 00:00:00,146569.85187039687,2025-12-05 00:00:00
2025-12-06 00:00:00,145696.35520129767,2025-12-06 00:00:00
2025-12-07 00:00:00,145435.5186655685,2025-12-07 00:00:00
2025-12-08 00:00:00,146509.23763405488,2025-12-08 00:00:00
2025-12-09 00:00:00,147087.83918090464,2025-12-09 00:00:00
2025-12-10 00:00:00,145280.22858226657,2025-12-10 00:00:00
2025-12-11 00:00:00,146340.66608227466,2025-12-11 00:00:00
2025-12-12 00:00:00,145970.59437144536,2025-12-12 00:00:00
2025-12-13 00:00:00,146089.7499390632,2025-12-13 00:00:00
2025-12-14 00:00:00,145926.70016629866,2025-12-14 00:00:00
2025-12-15 00:00:00,146411.1898703591,2025-12-15 00:00:00
2025-12-16 00:00:00,146387.7856878424,2025-12-16 00:00:00
2025-12-17 00:00:00,145904.29615528943,2025-12-17 00:00:00
2025-12-18 00:00:00,146685.35471594628,2025-12-18 00:00:00
2025-12-19 00:00:00,148661.6199106642,2025-12-19 00:00:00
2025-12-20 00:00:00,149171.46769955574,2025-12-20 00:00:00
2025-12-21 00:00:00,149411.2742181036,2025-12-21 00:00:00
2025-12-22 00:00:00,149067.9777797277,2025-12-22 00:00:00
2025-12-23 00:00:00,147177.07960489191,2025-12-23 00:00:00
2025-12-24 00:00:00,146784.7320052371,2025-12-24 00:00:00
2025-12-25 00:00:00,147058.6877583478,2025-12-25 00:00:00
2025-12-26 00:00:00,146920.8935872523,2025-12-26 00:00:00
2025-12-27 00:00:00,147127.29401149566,2025-12-27 00:00:00
2025-12-28 00:00:00,148277.41656139353,2025-12-28 00:00:00
2025-12-29 00:00:00,148214.9550275153,2025-12-29 00:00:00
2025-12-30 00:00:00,149066.24038902926,2025-12-30 00:00:00
2025-12-31 00:00:00,149050.9448932672,2025-12-31 00:00:00
